Scancode,SPDX-ID
3DFX GLIDE,Glide
3dfx Glide License,Glide
Abstyles License,Abstyles
Academic Free License 3.0,AFL-3.0
Academic Free License v1.1,AFL-1.1
Academic Free License v1.2,AFL-1.2
Academic Free License v2.0,AFL-2.0
Academic Free License v2.1,AFL-2.1
Academic Free License v3.0,AFL-3.0
Academic Free License Version 2.1,AFL-2.1
"Academic Free License, Version 3.0",AFL-3.0
Academy of Motion Picture Arts and Sciences BSD,AMPAS
ACE TAO License,DOC
Adaptive Public License 1.0,APL-1.0
"Adaptive Public License, Version 1.0",APL-1.0
Adobe Glyph License,Adobe-Glyph
Adobe Glyph List License,Adobe-Glyph
Adobe Postscript AFM License,APAFML
Adobe Source Code License 2006,Adobe-2006
Adobe Systems Incorporated Source Code License Agreement,Adobe-2006
Affero General Public License 1.0,AGPL-1.0-only
Affero General Public License 3.0,AGPL-3.0-only
Affero General Public License 3.0 or later,AGPL-3.0-or-later
Affero General Public License v1.0 only,AGPL-1.0-only
Affero General Public License v1.0 or later,AGPL-1.0-or-later
Affero General Public License (v. 1),AGPL-1.0-only
AFL 1.1,AFL-1.1
AFL 1.2,AFL-1.2
AFL 2.0,AFL-2.0
AFL 2.1,AFL-2.1
AFL 3.0,AFL-3.0
afmparse License,Afmparse
Afmparse License,Afmparse
AGPL 1.0,AGPL-1.0-only
AGPL-1.0,AGPL-1.0-only
AGPL 1.0 or later,AGPL-1.0-or-later
agpl-3.0,AGPL-3.0-only
AGPL 3.0,AGPL-3.0-only,
AGPL-3.0,AGPL-3.0-only,
AGPL3.0,AGPL-3.0-only
AGPL-3.0+,AGPL-3.0-or-later
AGPL3.0+,AGPL-3.0-or-later
#AGPL-3.0-onl
#AGPL-3.0-only
AGPL 3.0 only,AGPL-3.0-only
#AGPL-3.0-or-late
#AGPL-3.0-or-later
AGPL 3.0 or later,AGPL-3.0-or-later,
AGPL3,AGPL-3.0-only
AGPL3+,AGPL-3.0-or-later
agpl-v3,AGPL-3.0-only
AGPL (v3),AGPL-3.0-only
AGPL (v3 or later),AGPL-3.0-or-later
Aladdin FPL v8,Aladdin
Aladdin Free Public License,Aladdin
Allegro 4 License,Giftware
Altera License,Xnet
ALv2,Apache-2.0
Amazon Digital Services License,ADSL
AMD PLPA License,AMDPLPA
AMD's plpa_map.c License,AMDPLPA
AMPAS BSD-Style License,AMPAS
ANTLR 2 License,ANTLR-PD
ANTLR Software Rights Notice,ANTLR-PD
Apache 1.0,Apache-1.0
Apache 1.1,Apache-1.1
#Apache-2.0
#Apache-2.0,
apache2.0,Apache-2.0
Apache 2.0,Apache-2.0,
Apache 2,Apache-2.0
Apache 2,Apache-2.0,
Apache License 1.0,Apache-1.0
Apache License 1.1,Apache-1.1
Apache License 2.0,Apache-2.0
"Apache License, Version 2.0",Apache-2.0,
Apache Software License 1.0,Apache-1.0
Apache Software License 1.1,Apache-1.1
Apache Software License 2.0,Apache-2.0
"Apache Software License, Version 1.0",Apache-1.0
"Apache Software License, Version 1.1",Apache-1.1
Apache (v1.0),Apache-1.0
Apache (v1.1),Apache-1.1
Apache (v2.0),Apache-2.0
apl1.0,APL-1.0
APL 1.0,APL-1.0
Apple MIT License,AML
Apple Public Source License 1.0,APSL-1.0
Apple Public Source License 1.1,APSL-1.1
Apple Public Source License 1.2,APSL-1.2
Apple Public Source License 2.0,APSL-2.0
"APPLE PUBLIC SOURCE LICENSE, Version 1.1",APSL-1.1
"Apple Public Source License, Version 2.0",APSL-2.0
APSL 1.0,APSL-1.0
APSL 1.1,APSL-1.1
APSL 1.2,APSL-1.2
APSL 2.0,APSL-2.0
Artistic 1.0,Artistic-1.0
Artistic 1.0 (original),Artistic-1.0
Artistic 1.0 w/clause 8,Artistic-1.0-cl8
Artistic 2.0,Artistic-2.0
Artistic (clarified),ClArtistic
Artistic License 1.0,Artistic-1.0
Artistic License 1.0 (Perl),Artistic-1.0-Perl
Artistic License 1.0 w/clause 8,Artistic-1.0-cl8
artistic-license-2.0,Artistic-2.0
Artistic License 2.0,Artistic-2.0
Artistic License (Perl) 1.0,Artistic-1.0
Artistic License (v. 2.0),Artistic-2.0
"Artistic License, Version 1.0",Artistic-1.0
"Artistic License, Version 2.0",Artistic-2.0
Artistic-Perl-1.0,Artistic-1.0-Perl
ASL 1.0,Apache-1.0
ASL 1.1,Apache-1.1
ASL 2.0,Apache-2.0
Attribution Assurance License,AAL
Attribution Assurance Licenses,AAL
Bahyph License,Bahyph
Barr License,Barr
Barr TeX License,Barr
Beerware 42,Beerware
Beerware License,Beerware
Beer-Ware License,Beerware
Berkeley Database License,Sleepycat
BitTorrent 1.0,BitTorrent-1.0
BitTorrent 1.1,BitTorrent-1.1
BitTorrent Open Source License 1.1,BitTorrent-1.1
BitTorrent Open Source License v1.0,BitTorrent-1.0
BitTorrent Open Source License v1.1,BitTorrent-1.1
Blue Oak Model License 1.0.0,BlueOak-1.0.0
Boost 1.0,BSL-1.0
Boost Software License 1.0,BSL-1.0
Boost Software License 1.0 (BSL-1.0),BSL-1.0
Boost Software License - Version 1.0,BSL-1.0
Borceux license,Borceux
Borceux License,Borceux
BSD 1-Clause License,BSD-1-Clause
BSD-2,BSD-2-Clause
#BSD-2-Claus
#BSD-2-Clause
BSD (2 clause),BSD-2-Clause
BSD 2-Clause License,BSD-2-Clause
#BSD-2-Clause-Paten
#BSD-2-Clause-Patent
BSD-2-Clause Plus Patent,BSD-2-Clause-Patent
BSD-2-Clause Plus Patent License,BSD-2-Clause-Patent,
"BSD 2-Clause ""Simplified"" License",BSD-2-Clause
BSD 2-Clause "Simplified" License,BSD-2-Clause
BSD 2-Clause "Simplified" License,BSD-2-Clause,
"BSD 2-Clause ""Simplified"" or ""FreeBSD"" License",BSD-2-Clause
"BSD 2-Clause ""Simplified"" or ""FreeBSD"" License (BSD-2-Clause)",BSD-2-Clause
BSD 2-Clause with views sentence,BSD-2-Clause-Views
BSD 2 plus,BSD-2-Clause-Patent
BSD 2 plus,BSD-2-Clause-Patent,
BSD 2 PLUS,BSD-2-Clause-Patent
BSD 2 PLUS,BSD-2-Clause-Patent,
BSD-3,BSD-3-Clause
#BSD-3-Claus
#BSD-3-Clause
BSD (3 clause),BSD-3-Clause
BSD-3-Clause,BSD-3-Clause
BSD-3-Clause,BSD-3-Clause,
BSD 3-Clause Clear License,BSD-3-Clause-Clear
BSD 3-Clause License,BSD-3-Clause
"BSD 3-Clause ""New"" or ""Revised"" License",BSD-3-Clause
"BSD 3-Clause ""New"" or ""Revised"" License (BSD-3-Clause)",BSD-3-Clause
BSD 3-Clause No Nuclear License 2014,BSD-3-Clause-No-Nuclear-License-2014
BSD 3-Clause No Nuclear License,BSD-3-Clause-No-Nuclear-License
BSD 3-Clause No Nuclear Warranty,BSD-3-Clause-No-Nuclear-Warranty
BSD 3-Clause Open MPI variant,BSD-3-Clause-Open-MPI
"BSD 4-clause ""Original"" or ""Old"" License",BSD-4-Clause
"BSD 4-Clause ""Original"" or ""Old"" License",BSD-4-Clause
BSD-4-Clause (University of California-Specific),BSD-4-Clause-UC
BSD Acknowledgment License,BSD-3-Clause-Attribution
BSD License (3 clause),BSD-3-Clause
BSD License (3 clause),BSD-3-Clause,
BSD License 3 clause,BSD-3-Clause
BSD License 3 clause,BSD-3-Clause,
BSD License (no advertising),BSD-3-Clause
BSD License (original),BSD-4-Clause
BSD License (two clause),BSD-2-Clause
BSD-Original,BSD-4-Clause
BSD-Original-UC,BSD-4-Clause-UC
BSD Protection License,BSD-Protection
BSD Source Code Attribution,BSD-Source-Code
BSD with attribution,BSD-3-Clause-Attribution
BSD Zero Clause License,0BSD
bsl1.0,BSL-1.0
BSL (v1.0),BSL-1.0
BSL (v1),BSL-1.0
bzip2 and libbzip2 License v1.0.5,bzip2-1.0.5
bzip2 and libbzip2 License v1.0.6,bzip2-1.0.6
bzip2 License 2010,bzip2-1.0.6
Caldera License,Caldera
ca-tosl1.1,CATOSL-1.1
CA Trusted Open Source License 1.1,CATOSL-1.1
CC0 1.0,CC0-1.0
CC-BY 4.0,CC-BY-4.0
CC-BY-SA 4.0,CC-BY-SA-4.0
CC-PD,CC-PDDC
#CDDL-1.
#CDDL-1.0
CDDL 1.0,CDDL-1.0
CDDL 1.1,CDDL-1.1
cddl1,CDDL-1.0
"CDDL v1.0",CDDL-1.0
"CDDL v1.0",CDDL-1.0,
"CDDL, v1.0",CDDL-1.0
"CDDL, v1.0",CDDL-1.0,
CDLA Permissive 1.0,CDLA-Permissive-1.0
CDLA Sharing 1.0,CDLA-Sharing-1.0
"Cea Cnrs Inria Logiciel Libre License, Version 2.1",CECILL-2.1
CeCILL 1.0,CECILL-1.0
CeCILL 1.1 English,CECILL-1.1
CeCILL 2.0,CECILL-2.0
CeCILL 2.1,CECILL-2.1
CeCILL-B Free Software License Agreement,CECILL-B
CeCILL-B License,CECILL-B
CeCILL-C Free Software License Agreement,CECILL-C
CeCILL-C License,CECILL-C
CeCILL Free Software License Agreement v1.0,CECILL-1.0
CeCILL Free Software License Agreement v1.1,CECILL-1.1
CeCILL Free Software License Agreement v2.0,CECILL-2.0
CeCILL Free Software License Agreement v2.1,CECILL-2.1
CeCILL License 2.1,CECILL-2.1
CERN Open Hardware Licence v1.1,CERN-OHL-1.1
CERN Open Hardware Licence v1.2,CERN-OHL-1.2
CERN Open Hardware Licence Version 2 - Permissive,CERN-OHL-P-2.0
CERN Open Hardware Licence Version 2 - Strongly Reciprocal,CERN-OHL-S-2.0
CERN Open Hardware Licence Version 2 - Weakly Reciprocal,CERN-OHL-W-2.0
CERN Open Hardware License v1.1,CERN-OHL-1.1
Clarified Artistic License,ClArtistic
Classpath exception to GPL 2.0,GPL-2.0-with-classpath-exception,Yes - https://spdx.org/licenses/GPL-2.0-with-classpath-exception.htm
Classpath exception to GPL 2.0,GPL-2.0-with-classpath-exception,Yes - https://spdx.org/licenses/GPL-2.0-with-classpath-exception.html
Classpath exception to GPL 2.0 or later,GPL-2.0-with-classpath-exception,Yes - https://spdx.org/licenses/GPL-2.0-with-classpath-exception.htm
Classpath exception to GPL 2.0 or later,GPL-2.0-with-classpath-exception,Yes - https://spdx.org/licenses/GPL-2.0-with-classpath-exception.html
Clear BSD,BSD-3-Clause-Clear
Clear BSD License,BSD-3-Clause-Clear
CMU License,MIT-CMU
CMU UC Regents License,MIT-CMU
CNRI Jython License,CNRI-Jython
CNRI LICENSE AGREEMENT FOR PYTHON 1.6.1,CNRI-Python
CNRI portion of the multi-part Python License,CNRI-Python
CNRI Python 1.6.1,CNRI-Python-GPL-Compatible
CNRI Python 1.6,CNRI-Python
CNRI Python License,CNRI-Python
CNRI Python Open Source GPL Compatible License Agreement,CNRI-Python-GPL-Compatible
Code Project Open License 1.02,CPOL-1.02
Common Development and Distribution License 1.0,CDDL-1.0
Common Development and Distribution License 1.1,CDDL-1.1
COMMON DEVELOPMENT AND DISTRIBUTION LICENSE Version 1.0,CDDL-1.0
"Common Development and Distribution License, Version 1.0",CDDL-1.0
COMMON DEVELOPMENT AND DISTRIBUTION LICENSE Version 1.0 governed by the laws of the State of California,CDDL-1.0
COMMON DEVELOPMENT AND DISTRIBUTION LICENSE Version 1.1,CDDL-1.1
Common Public Attribution License 1.0,CPAL-1.0
Common Public Attribution License Version 1.0,CPAL-1.0
Common Public Attribution License Version 1.0 (CPAL-1.0),CPAL-1.0
Common Public License 1.0,CPL-1.0
Common Public License Version 1.0,CPL-1.0
"Common Public License, Version 1.0",CPL-1.0
Community Data License Agreement Permissive 1.0,CDLA-Permissive-1.0
Community Data License Agreement Sharing 1.0,CDLA-Sharing-1.0
Computer Associates Trusted Open Source License 1.1,CATOSL-1.1
Computer Associates Trusted Open Source License 1.1 (CATOSL-1.1),CATOSL-1.1
"Computer Associates Trusted Open Source License, Version 1.1",CATOSL-1.1
Condor Public License 1.1,Condor-1.1
Condor Public License v1.1,Condor-1.1
copyleft-next 0.3.0,copyleft-next-0.3.0
copyleft-next 0.3.1,copyleft-next-0.3.1
cpal_1.0,CPAL-1.0
CPAL 1.0,CPAL-1.0
CPL 1.0,CPL-1.0
CPL,CPL-1.0
CPOL 1.02,CPOL-1.02
Creative Commons Attribution 1.0 Generic,CC-BY-1.0
Creative Commons Attribution 2.0 Generic,CC-BY-2.0
Creative Commons Attribution 2.5 Generic,CC-BY-2.5
Creative Commons Attribution 3.0 Austria,CC-BY-3.0-AT
Creative Commons Attribution 3.0 United States,CC-BY-3.0-US
Creative Commons Attribution 3.0 Unported,CC-BY-3.0
Creative Commons Attribution 4.0,CC-BY-4.0
Creative Commons Attribution 4.0 International,CC-BY-4.0
Creative Commons Attribution No Derivatives 1.0 Generic,CC-BY-ND-1.0
Creative Commons Attribution No Derivatives 2.0 Generic,CC-BY-ND-2.0
Creative Commons Attribution No Derivatives 2.5 Generic,CC-BY-ND-2.5
Creative Commons Attribution No Derivatives 3.0 Unported,CC-BY-ND-3.0
Creative Commons Attribution-NoDerivatives 4.0 International,CC-BY-NC-ND-4.0
Creative Commons Attribution No Derivatives 4.0 International,CC-BY-ND-4.0
Creative Commons Attribution-NoDerivs 2.5 Generic,CC-BY-NC-ND-2.5
Creative Commons Attribution-NoDerivs 3.0 Unported,CC-BY-NC-ND-3.0
Creative Commons Attribution Non Commercial 1.0 Generic,CC-BY-NC-1.0
Creative Commons Attribution Non Commercial 2.0 Generic,CC-BY-NC-2.0
Creative Commons Attribution Non Commercial 2.5 Generic,CC-BY-NC-2.5
Creative Commons Attribution Non Commercial 3.0 Unported,CC-BY-NC-3.0
Creative Commons Attribution-NonCommercial 4.0,CC-BY-NC-4.0
Creative Commons Attribution Non Commercial 4.0 International,CC-BY-NC-4.0
Creative Commons Attribution Non Commercial No Derivatives 1.0 Generic,CC-BY-NC-ND-1.0
Creative Commons Attribution Non Commercial No Derivatives 2.0 Generic,CC-BY-NC-ND-2.0
Creative Commons Attribution Non Commercial No Derivatives 2.5 Generic,CC-BY-NC-ND-2.5
Creative Commons Attribution Non Commercial No Derivatives 3.0 IGO,CC-BY-NC-ND-3.0-IGO
Creative Commons Attribution Non Commercial No Derivatives 3.0 Unported,CC-BY-NC-ND-3.0
Creative Commons Attribution Non Commercial No Derivatives 4.0 International,CC-BY-NC-ND-4.0
Creative Commons Attribution Non Commercial Share Alike 1.0 Generic,CC-BY-NC-SA-1.0
Creative Commons Attribution Non Commercial Share Alike 2.0 Generic,CC-BY-NC-SA-2.0
Creative Commons Attribution Non Commercial Share Alike 2.5 Generic,CC-BY-NC-SA-2.5
Creative Commons Attribution Non Commercial Share Alike 3.0 Unported,CC-BY-NC-SA-3.0
Creative Commons Attribution-NonCommercial-ShareAlike 3.0 Unported,CC-BY-NC-SA-3.0
Creative Commons Attribution Non Commercial Share Alike 4.0 International,CC-BY-NC-SA-4.0
Creative Commons Attribution-NonCommercial-ShareAlike 4.0 International,CC-BY-NC-SA-4.0
Creative Commons Attribution Share Alike 1.0 Generic,CC-BY-SA-1.0
Creative Commons Attribution-ShareAlike 1.0 Generic,CC-BY-SA-1.0
Creative Commons Attribution Share Alike 2.0 England and Wales,CC-BY-SA-2.0-UK
Creative Commons Attribution Share Alike 2.0 Generic,CC-BY-SA-2.0
Creative Commons Attribution-ShareAlike 2.0 Generic,CC-BY-SA-2.0
Creative Commons Attribution-ShareAlike 2.5,CC-BY-SA-2.5
Creative Commons Attribution Share Alike 2.5 Generic,CC-BY-SA-2.5
Creative Commons Attribution-Share Alike 3.0 Austria,CC-BY-SA-3.0-AT
Creative Commons Attribution Share Alike 3.0 Unported,CC-BY-SA-3.0
Creative Commons Attribution-ShareAlike 3.0 Unported,CC-BY-SA-3.0
Creative Commons Attribution Share-Alike 4.0,CC-BY-SA-4.0
Creative Commons Attribution Share Alike 4.0 International,CC-BY-SA-4.0
Creative Commons Attribution-ShareAlike 4.0 International,CC-BY-SA-4.0
Creative Commons CC0 1.0 Universal,CC0-1.0
Creative Commons Copyright-Only Dedication (based on United States law) or Public Domain Certification,CC-PDDC
Creative Commons Public Domain Dedication and Certification,CC-PDDC
Creative Commons ShareAlike 1.0 Generic,CC-BY-SA-1.0
Creative Commons Zero 1.0,CC0-1.0
Creative Commons Zero v1.0 Universal,CC0-1.0
Creative Comnons Attribution-NonCommercial 1.0 Generic,CC-BY-NC-1.0
Creative Comnons Attribution-NonCommercial-NoDerivs 3.0 Unported,CC-BY-NC-ND-3.0
Crossword License,Crossword
Cryptographic Autonomy License 1.0,CAL-1.0
Cryptographic Autonomy License 1.0 (Combined Work Exception),CAL-1.0-Combined-Work-Exception
Crystal Stacker License,CrystalStacker
CrystalStacker License,CrystalStacker
CUA Office Public License 1.0,CUA-OPL-1.0
CUA Office Public License,CUA-OPL-1.0
CUA Office Public License v1.0,CUA-OPL-1.0
Cube License,Cube
curl License,curl
cURL License,curl
Deutsche Freie Software Lizenz,D-FSL-1.0
diffmark license,diffmark
diffmark License,diffmark
DOC License,DOC
Dom4j License,Plexus
DOM4J License,Plexus
Dotseqn License,Dotseqn
#doubt on this - shouldn't be written or later, because or later doesn't exist within SPDX lis
#doubt on this - shouldn't be written or later, because or later doesn't exist within SPDX list
Do What The F*ck You Want To Public License,WTFPL
Do What The Fuck You Want To Public License (WTFPL) 2,WTFPL
DSDP License,DSDP
dvipdfm License,dvipdfm
ECL 1.0,ECL-1.0
ECL 2.0,ECL-2.0
ecl2,ECL-2.0
eclipse-1.0,EPL-1.0
eclipse-2.0,EPL-2.0
Eclipse Public License 1.0,EPL-1.0
Eclipse Public License 2.0,EPL-2.0
Eclipse Public License - v 2.0,EPL-2.0
"Eclipse Public License Version 1.0",EPL-1.0
"Eclipse Public License Version 1.0",EPL-1.0,
"Eclipse Public License, Version 1.0",EPL-1.0,
"Eclipse Public License Version 2.0",EPL-2.0
"Eclipse Public License Version 2.0",EPL-2.0,
"Eclipse Public License, Version 2.0",EPL-2.0
"Eclipse Public License, Version 2.0",EPL-2.0,
Educational Community License 1.0,ECL-1.0
Educational Community License 2.0,ECL-2.0
Educational Community License v1.0,ECL-1.0
Educational Community License v2.0,ECL-2.0
"Educational Community License, Version 1.0",ECL-1.0
"Educational Community License, Version 2.0",ECL-2.0
EFL 1.0,EFL-1.0
EFL 2.0,EFL-2.0
EFL MIT-Style License,MIT-advertising
eGenix.com Public License 1.1.0,eGenix
eGenix Public License 1.1.0,eGenix
Eiffel Forum License 2.0,EFL-2.0
Eiffel Forum License v1.0,EFL-1.0
Eiffel Forum License v2.0,EFL-2.0
"Eiffel Forum License, Version 2",EFL-2.0
Enlightenment License (e16),MIT-advertising
enna License,MIT-enna
Entessa 1.0,Entessa
Entessa Public License 1.0,Entessa
Entessa Public License,Entessa
Entessa Public License v1.0,Entessa
EPICS Open License,EPICS
#EPL-1.
#EPL-1.0
EPL 1.0,EPL-1.0,
#EPL-2.
#EPL-2.0
EPL 2.0,EPL-2.0,
Erlang Public License 1.1,ErlPL-1.1
Erlang Public License v1.1,ErlPL-1.1
ERLANG PUBLIC LICENSE Version 1.1,ErlPL-1.1
Etalab Open License 2.0,etalab-2.0
EU Datagrid Software License,EUDatagrid
EU DataGrid Software License,EUDatagrid
EUPL 1.0,EUPL-1.0
EUPL 1.1,EUPL-1.1
EUPL 1.2,EUPL-1.2
European Union Public Licence 1.2,EUPL-1.2
"European Union Public Licence, v.1.1",EUPL-1.1
European Union Public License 1.0,EUPL-1.0
European Union Public License 1.1,EUPL-1.1
European Union Public License 1.2,EUPL-1.2
"European Union Public License, Version 1.1",EUPL-1.1
Eurosym License,Eurosym
Expat License,MIT
Expat License,MIT,
Expat,MIT,
Fair License,Fair
Fair License (Fair),Fair
FastCGI DevKit,OML
feh License,MIT-feh
Frameworx 1.0,Frameworx-1.0
Frameworx License 1.0,Frameworx-1.0
"Frameworx License, Version 1.0",Frameworx-1.0
Frameworx Open License 1.0,Frameworx-1.0
FreeBSD License,BSD-2-Clause
FreeImage Public License 1.0,FreeImage
FreeImage Public License v1.0,FreeImage
Freetype Project License,FTL
FreeType Project License,FTL
FreeType Project LICENSE,FTL
FSF All Permissive license,FSFAP
FSF All Permissive License,FSFAP
FSF Free Software License,FSFUL
FSF-Unlimited,FSFULLR
FSF Unlimited License,FSFUL
FSF Unlimited License (with License Retention),FSFULLR
GFDL 1.1,GFDL-1.1-only
GFDL 1.1 or later,GFDL-1.1-or-later
GFDL 1.2,GFDL-1.2-only
GFDL 1.2 or later,GFDL-1.2-or-later
GFDL 1.3,GFDL-1.3-only
GFDL 1.3 or later,GFDL-1.3-or-later
Giftware License,Giftware
GL2PS License,GL2PS
"GL2PS LICENSE, Version 2",GL2PS
Glulxe License,Glulxe
GNU Affero General Public License 3.0,AGPL-3.0-or-later
GNU Affero General Public License (AGPL-3.0) (v. 3.0),AGPL-3.0-only
GNU Affero General Public License v3.0 only,AGPL-3.0-only
GNU Affero General Public License v3.0 or later,AGPL-3.0-or-later
GNU Affero General Public License v3,AGPL-3.0-only
"GNU AFFERO GENERAL PUBLIC LICENSE, Version 3 (AGPL-3.0)",AGPL-3.0-only
GNU AFFERO GENERAL PUBLIC LICENSE Version 3,AGPL-3.0-only
GNU AGPLv3,AGPL-3.0-only
GNU Free Documentation License v1.1 only,GFDL-1.1-only
GNU Free Documentation License v1.1 only - invariants,GFDL-1.1-invariants-only
GNU Free Documentation License v1.1 only - no invariants,GFDL-1.1-no-invariants-only
GNU Free Documentation License v1.1 or later,GFDL-1.1-or-later
GNU Free Documentation License v1.1 or later - invariants,GFDL-1.1-invariants-or-later
GNU Free Documentation License v1.1 or later - no invariants,GFDL-1.1-no-invariants-or-later
GNU Free Documentation License v1.2 only,GFDL-1.2-only
GNU Free Documentation License v1.2 only - invariants,GFDL-1.2-invariants-only
GNU Free Documentation License v1.2 only - no invariants,GFDL-1.2-no-invariants-only
GNU Free Documentation License v1.2 or later,GFDL-1.2-or-later
GNU Free Documentation License v1.2 or later - invariants,GFDL-1.2-invariants-or-later
GNU Free Documentation License v1.2 or later - no invariants,GFDL-1.2-no-invariants-or-later
GNU Free Documentation License v1.3 only,GFDL-1.3-only
GNU Free Documentation License v1.3 only - invariants,GFDL-1.3-invariants-only
GNU Free Documentation License v1.3 only - no invariants,GFDL-1.3-no-invariants-only
GNU Free Documentation License v1.3 or later,GFDL-1.3-or-later
GNU Free Documentation License v1.3 or later - invariants,GFDL-1.3-invariants-or-later
GNU Free Documentation License v1.3 or later - no invariants,GFDL-1.3-no-invariants-or-later
GNU General Public License 2.0,GPL-2.0-only
GNU General Public License v1.0 only,GPL-1.0-only
GNU General Public License v1.0 or later,GPL-1.0-or-later
GNU General Public License v2.0 only,GPL-2.0-only
GNU General Public License v2.0 or later,GPL-2.0-or-later
GNU General Public License Version 1,GPL-1.0-only
"GNU General Public License, Version 2.0",GPL-2.0-only
GNU General Public License Version 2,GPL-2.0-only,
"GNU General Public License Version 3.0",GPL-3.0-only
"GNU General Public License Version 3.0",GPL-3.0-only,
"GNU General Public License, Version 3.0",GPL-3.0-only
"GNU General Public License, Version 3.0",GPL-3.0-only,
GNU GPLv2,GPL-2.0-only
GNU Lesser General Public License 2.1,LGPL-2.1-only
GNU Lesser General Public License v2.1 only,LGPL-2.1-only
GNU Lesser General Public License v2.1 or later,LGPL-2.1-or-later
GNU Lesser General Public License Version 2.1,LGPL-2.1-only
"GNU Lesser General Public License Version 2.1",LGPL-2.1-only
"GNU Lesser General Public License Version 2.1",LGPL-2.1-only,
"GNU Lesser General Public License, Version 2.1",LGPL-2.1-only
"GNU Lesser General Public License Version 3",LGPL-3.0-only
"GNU Lesser General Public License Version 3",LGPL-3.0-only,
"GNU Lesser General Public License, Version 3",LGPL-3.0-only
"GNU Lesser General Public License, Version 3",LGPL-3.0-only,
"GNU Lesser General Public License, Version 3 or later",LGPL-3.0-or-later
"GNU Lesser General Public License, Version 3 or later",LGPL-3.0-or-later,
GNU LGPLv2.1,LGPL-2.1-only
GNU Library General Public License v2 only,LGPL-2.0-only
GNU Library General Public License v2 or later,LGPL-2.0-or-later
GNU Library General Public License Version 2,LGPL-2.0-only
GNU Library or Lesser General Public License (LGPL) V2.1,LGPL-2.1-onl
GNU Library or Lesser General Public License (LGPL) V2.1,LGPL-2.1-only
gnuplot License,gnuplot
Good Luck With That Public License,GLWTPL
GPL 1.0,GPL-1.0-only
GPL-1.0,GPL-1.0-only
GPL1.0,GPL-1.0-only
GPL-1.0+,GPL-1.0-or-later
GPL1.0+,GPL-1.0-or-later
GPL 1.0 or later,GPL-1.0-or-later
GPL1,GPL-1.0-only
GPL1+,GPL-1.0-or-later
gpl-2.0,GPL-2.0-only
GPL 2.0,GPL-2.0-only,
GPL-2.0,GPL-2.0-only
GPL2.0,GPL-2.0-only
GPL-2.0+,GPL-2.0-or-later
GPL2.0+,GPL-2.0-or-later
#GPL-2.0-onl
#GPL-2.0-only
GPL 2.0 only,GPL-2.0-only
GPL 2.0 only,GPL-2.0-only,
#GPL-2.0-or-late
#GPL-2.0-or-later
GPL 2.0 or later,GPL-2.0-or-later,
#GPL-2.0-with-classpath-exceptio
#GPL-2.0-with-classpath-exception
GPL 2,GPL-2.0-only
GPL 2,GPL-2.0-only,
GPL2,GPL-2.0-only
GPL2+,GPL-2.0-or-later
GPL 3.0,GPL-3.0-only
GPL 3.0,GPL-3.0-only,
#GPL-3.0-only
#GPL-3.0-only,
GPL 3.0 only,GPL-3.0-only
GPL 3.0 only,GPL-3.0-only,
GPL-3.0-only,GPL-3.0-or-later
GPL-3.0-or-later,GPL-3.0-only
GPL 3.0 or later,GPL-3.0-or-later
GPL 3.0 or later,GPL-3.0-or-later,
GPL 3,GPL-3.0-only
GPL 3,GPL-3.0-only,
GPL (v2),GPL-2.0-only
GPL (v2 or later),GPL-2.0-or-later
gSOAP Public License v1.3b,gSOAP-1.3b
gSOAP Public License Version 1.3b,gSOAP-1.3b
Haskell Language Report License,HaskellReport
Haskell Report License,HaskellReport
Henry Spencer License 1999,Spencer-99
Henry Spencer Regexp License,Spencer-94
Hippocratic License 2.1,Hippocratic-2.1
Hippocratic License v2.1,Hippocratic-2.1
Historical Permission Notice and Disclaimer,HPND
Historical Permission Notice and Disclaimer - sell variant,HPND-sell-variant
ibmpl,IPL-1.0
IBM PowerPC Initialization and Boot Software,IBM-pibs
IBM PowerPC Software,IBM-pibs
IBM Public License 1.0,IPL-1.0
IBM Public License v1.0,IPL-1.0
IBM Public License Version 1.0,IPL-1.0
"IBM Public License, Version 1.0",IPL-1.0
ICU,X11
IJG License,IJG
ImageMagick License,ImageMagick
iMatix Standard Function Library Agreement,iMatix
Imlib2 License,Imlib2
Independent JPEG Group License,IJG
Indiana Extreme License 1.2,xpp
Info-ZIP copyright and license (version 2005-Feb-10),Info-ZIP
Info-Zip License,Info-ZIP
Info-ZIP License,Info-ZIP
Info-ZIP license (Version 2007-Mar-04),Info-ZIP
Info-ZIP license (version 2009-Jan-02),Info-ZIP
Intel ACPI SLA,Intel-ACPI
Intel ACPI Software License Agreement,Intel-ACPI
Intel BSD - Export Control,Intel
Intel License Agreement,Intel
Intel Open Source License,Intel
intel-osl,Intel
Interbase Public License 1.0,Interbase-1.0
Interbase Public License v1.0,Interbase-1.0
"INTERBASE PUBLIC LICENSE, Version 1.0 by ""Borland Software Corporation""",Interbase-1.0
"InterBase Public License, Version 1.0",Interbase-1.0
IPA Font License 1.0,IPA
IPA Font License Agreement v1.0,IPA
IPA Font License,IPA
IPL 1.0,IPL-1.0
isc-license,ISC
ISC license,ISC
ISC License,ISC
ISC License (ISC),ISC
Japan Network Information Center License,JPNIC
JasPer 2.0,JasPer-2.0
JasPer License,JasPer-2.0
JasPer License Version 2.0,JasPer-2.0
JPEG License,IJG
JPNIC idnkit License,JPNIC
JSON License,JSON
Latex2e License,Latex2e
LaTeX Project Public License 1.3c,LPPL-1.3c
LaTeX Project Public License v1.0,LPPL-1.0
LaTeX Project Public License v1.1,LPPL-1.1
LaTeX Project Public License v1.2,LPPL-1.2
LaTeX Project Public License v1.3a,LPPL-1.3a
LaTeX Project Public License v1.3c,LPPL-1.3c
"LaTeX Project Public License, Version 1.3c",LPPL-1.3c
LaTeX Project Public License Version 1.3c,LPPL-1.3c
Lawrence Berkeley National Labs BSD variant license,BSD-3-Clause-LBNL
LBNL BSD Variant,BSD-3-Clause-LBNL
Leptonica License,Leptonica
Lesser General Public License For Linguistic Resources,LGPLLR
LGPL 2.0,LGPL-2.0-only
LGPL 2.0 or later,LGPL-2.0-or-later
lgpl-2.1,LGPL-2.1-only
LGPL 2.1,LGPL-2.1-only,
LGPL-2.1,LGPL-2.1-only
LGPL2.1,LGPL-2.1-only
LGPL-2.1+,LGPL-2.1-or-later
LGPL2.1+,LGPL-2.1-or-later
#LGPL-2.1-only
#LGPL-2.1-only,
#LGPL-2.1-or-later
#LGPL-2.1-or-later,
LGPL 2.1 or later,LGPL-2.1-or-later
LGPL-3.0-only,LGPL-3.0-or-later
#LGPL-3.0-or-late
#LGPL-3.0-or-later
LGPL-3.0-or-later,LGPL-3.0-only
LGPL 3.0 or later,LGPL-3.0-or-later
LGPL 3.0 or later,LGPL-3.0-or-later,
#LGPL 3,LGPL-3.0-only
#LGPL 3,LGPL-3.0-only,
LGPL v2.1,LGPL-2.1-only
LGPL v2.1,LGPL-2.1-only,
LGPL (v2.1),LGPL-2.1-only
"LGPL v2.1 or later",LGPL-2.1-or-later
"LGPL v2.1 or later",LGPL-2.1-or-later,
"LGPL, v2.1 or later",LGPL-2.1-or-later
"LGPL, v2.1 or later",LGPL-2.1-or-later,
LGPL (v2.1 or later),LGPL-2.1-or-later
libpng License,Libpng
Libpng License,Libpng
libpng license (libpng-1.2.6 and later),Libpng
LIbpng License v2,libpng-2.0
libselinux public domain notice,libselinux-1.0
libtiff License,libtiff
Licence Art Libre 1.2,LAL-1.2
Licence Art Libre 1.3,LAL-1.3
Licence Libre du Québec – Permissive version 1.1,LiLiQ-P-1.1
"Licence Libre du Québec – Permissive, Version 1.1",LiLiQ-P-1.1
Licence Libre du Québec – Réciprocité forte version 1.1,LiLiQ-Rplus-1.1
"Licence Libre du Québec – Réciprocité forte, Version 1.1",LiLiQ-Rplus-1.1
Licence Libre du Québec – Réciprocité version 1.1,LiLiQ-R-1.1
"Licence Libre du Québec – Réciprocité, Version 1.1",LiLiQ-R-1.1
License :: OSI Approved :: Academic Free License (AFL),AFL-3.0
License :: OSI Approved :: Apache Software License,Apache-2.0
License :: OSI Approved :: Apple Public Source License,APSL-2.0
License :: OSI Approved :: Artistic License,Artistic-2.0
License :: OSI Approved :: Attribution Assurance License,AAL
License :: OSI Approved :: BSD License,BSD-3-Clause
"License :: OSI Approved :: CEA CNRS Inria Logiciel Libre License, version 2.1 (CeCILL-2.1)",CECILL-2.1
License :: OSI Approved :: Common Public License,CPL-1.0
License :: OSI Approved :: Eiffel Forum License,EFL-2.0
License :: OSI Approved :: European Union Public Licence 1.1 (EUPL 1.1),EUPL-1.1
License :: OSI Approved :: GNU Affero General Public License v3,AGPL-3.0-only
License :: OSI Approved :: GNU General Public License v2 (GPLv2),GPL-2.0-only
License :: OSI Approved :: GNU Lesser General Public License v2 (LGPLv2),LGPL-2.1-only
License :: OSI Approved :: IBM Public License,IPL-1.0
License :: OSI Approved :: Intel Open Source License,Intel
License :: OSI Approved :: ISC License (ISCL),ISC
License :: OSI Approved :: MIT License,MIT
License :: OSI Approved :: Motosoto License,Motosoto
License :: OSI Approved :: Mozilla Public License 1.0 (MPL),MPL-1.0
License :: OSI Approved :: Mozilla Public License 1.1 (MPL 1.1),MPL-1.1
License :: OSI Approved :: Mozilla Public License 2.0 (MPL 2.0),MPL-2.0
License :: OSI Approved :: Nethack General Public License,NGPL
License :: OSI Approved :: Nokia Open Source License,Nokia
License :: OSI Approved :: Open Group Test Suite License,OGTSL
License :: OSI Approved :: Python License (CNRI Python License),CNRI-Python
License :: OSI Approved :: Python Software Foundation License,Python-2.0
License :: OSI Approved :: Qt Public License (QPL),QPL-1.0
License :: OSI Approved :: Ricoh Source Code Public License,RSCPL
License :: OSI Approved :: Sleepycat License,Sleepycat
License :: OSI Approved :: Sun Industry Standards Source License (SISSL),SISSL
License :: OSI Approved :: Sun Public License,SPL-1.0
License :: OSI Approved :: University of Illinois/NCSA Open Source License,NCSA
License :: OSI Approved :: Vovida Software License 1.0,VSL-1.0
License :: OSI Approved :: W3C License,W3C
License :: OSI Approved :: X.Net License,Xnet
License :: OSI Approved :: zlib/libpng License,Zlib
License :: OSI Approved :: Zope Public License,ZPL-2.0
LiLiQ-P,LiLiQ-P-1.1
LiLiQ-R,LiLiQ-R-1.1
LiLiQ-R+,LiLiQ-Rplus-1.1
Linux Kernel Variant of OpenIB.org license,Linux-OpenIB
LPPL 1.0,LPPL-1.0
LPPL 1.1,LPPL-1.1
LPPL 1.2,LPPL-1.2
LPPL 1.3a,LPPL-1.3a
LPPL 1.3c,LPPL-1.3c
Lucent Public License 1.02,LPL-1.02
Lucent Public License 1.0,LPL-1.0
"Lucent Public License (""Plan9"") 1.0",LPL-1.0
"Lucent Public License, Plan 9, Version 1.0",LPL-1.0
Lucent Public License v1.02,LPL-1.02
"Lucent Public License, Version 1.02",LPL-1.02
Lucent Public License Version 1.0,LPL-1.0
MakeIndex Distribution Notice,MakeIndex
MakeIndex License,MakeIndex
Matrix Template Library License,MTLL
#MI
Microsoft Public License,MS-PL
Microsoft Public License (MS-PL),MS-PL
Microsoft Reciprocal License,MS-RL
Microsoft Reciprocal License (MS-RL),MS-RL
MirOS Licence,MirOS
MirOS License,MirOS
#MIT
MIT-0-Clause,MIT-0
MIT Acknowledgment License,MIT-feh
MIT/Expat License,MIT
MIT license (also X11),MIT
MIT Licensed,MIT
MIT Licensed,MIT,
mit-license,MIT
MIT License,MIT,
MIT license / X11 license,MIT
MIT No Attribution,MIT-0
MIT +no-false-attribs license,MITNFA
MIT +no-false-attribs License,MITNFA
MIT no false attribution License,MITNFA
MIT Old Style no advertising,NTP
MIT with Export Control,Xerox
Modified BSD License,BSD-3-Clause,
MongoDB SSPL 1.0,SSPL-1.0
Motosoto 0.9.1,Motosoto
Motosoto License,Motosoto
"Motosoto Open Source License, Version 0.9.1",Motosoto
mozilla1.1,MPL-1.1
mozilla2.0,MPL-2.0
Mozilla Public License 1.0,MPL-1.0
Mozilla Public License 1.1,MPL-1.1
Mozilla Public License 1.1 (MPL 1.1),MPL-1.1
Mozilla Public License 1.1 (MPL 1.1),MPL-1.1,
Mozilla Public License 2.0,MPL-2.0,
Mozilla Public License 2.0 (no copyleft exception),MPL-2.0-no-copyleft-exception
Mozilla Public License 2,MPL-2.0
Mozilla Public License 2,MPL-2.0,
Mozilla Public License Version 1.0,MPL-1.0
"Mozilla Public License, Version 1.0",MPL-1.0
Mozilla Public License Version 1.1,MPL-1.1
"Mozilla Public License, Version 1.1",MPL-1.1
Mozilla Public License Version 2.0,MPL-2.0
"Mozilla Public License Version 2.0",MPL-2.0
"Mozilla Public License Version 2.0",MPL-2.0,
"Mozilla Public License, Version 2.0",MPL-2.0,
mpich2 License,mpich2
MPICH License,mpich2
#MPL-1.
MPL 1.0,MPL-1.0
#MPL-1.1
MPL 1.1,MPL-1.1,
#MPL-2.
#MPL-2.0
MPL 2.0,MPL-2.0,
MPL 2.0 with no copyleft exception,MPL-2.0-no-copyleft-exception
MPL2,MPL-2.0
MPL2,MPL-2.0,
"Mulan Permissive Software License, Version 1",MulanPSL-1.0
"Mulan Permissive Software License, Version 2",MulanPSL-2.0
Mulan PSL v1,MulanPSL-1.0
Mulan PSL v2,MulanPSL-2.0
Multics License,Multics
Mup License,Mup
nasa1.3,NASA-1.3
NASA 1.3,NASA-1.3
NASA Open Source Agreement 1.3,NASA-1.3
"NASA Open Source Agreement, Version 1.3",NASA-1.3
Naumen Public License,Naumen
NAUMEN Public License,Naumen
NCSA Open Source License,NCSA
Net Boolean Public License v1,NBPL-1.0
NetCDF Copyright,NetCDF
NetCDF Copyright(version 2009),NetCDF
NetCDF license,NetCDF
NetCDF License,NetCDF
Nethack General Public License,NGPL
Netizen Open Source License,NOSL
Netscape Public License 1.1,NPL-1.1
Netscape Public License v1.0,NPL-1.0
Netscape Public License v1.1,NPL-1.1
Netscape Public License Version 1.1,NPL-1.1
Net SNMP License,Net-SNMP
Net-SNMP License,Net-SNMP
New BSD License,BSD-3-Clause,
Newsletr License,Newsletr
NIST Public Domain Notice,NIST-PD
NIST Public Domain Notice with fallback,NIST-PD-fallback
NIST Public Domain Notice with license fallback,NIST-PD-fallback
Nokia Open Source License,Nokia
"Nokia Open Source License, Version 1.0a",Nokia
NOKOS License 1.0a,Nokia
No Limit Public License,NLPL
Non-Commercial Government Licence,NCGL-UK-2.0
Non-Profit Open Software License 3.0,NPOSL-3.0
Non-Profit OSL 3.0,NPOSL-3.0
Norwegian Licence for Open Government Data,NLOD-1.0
NOSL 1.0,NOSL
nosl3.0,NPOSL-3.0
# not completely sure about this - is not present in SPDX lis
# not completely sure about this - is not present in SPDX list
Noweb License,Noweb
NPL 1.0,NPL-1.0
NPL 1.1,NPL-1.1
NRL License,NRL
NTP License,NTP
NTP License (NTP),NTP
NTP No Attribution,NTP-0
oclc2,OCLC-2.0
OCLC Research Public License 2.0,OCLC-2.0
ODbL 1.0,ODbL-1.0
ODbL,ODbL-1.0
ODC Open Database License v1.0,ODbL-1.0
ODC-PDDL-1.0,PDDL-1.0
ODC Public Domain Dedication & License 1.0,PDDL-1.0
OFL 1.0,OFL-1.0
OFL 1.1,OFL-1.1
OGC 1.0,OGC-1.0
"OGC Software License, Version 1.0",OGC-1.0
OGL-CA-2.0,OGL-Canada-2.0
OGL Canada 2.0,OGL-Canada-2.0
Open CASCADE Technology Public License,OCCT-PL
Open Data Commons Attribution License 1.0,ODC-By-1.0
Open Data Commons Attribution License v1.0,ODC-By-1.0
Open Data Commons Open Database License 1.0,ODbL-1.0
Open Data Commons Public Domain Dedication and Licence 1.0,PDDL-1.0
Open Font License 1.1,OFL-1.1
Open Government Licence 1.0 (United Kingdom),OGL-UK-1.0
Open Government Licence 2.0 (United Kingdom),OGL-UK-2.0
Open Government Licence 3.0 (United Kingdom),OGL-UK-3.0
Open Government Licence - Canada,OGL-Canada-2.0
Open Government Licence v1.0,OGL-UK-1.0
Open Government Licence v2.0,OGL-UK-2.0
Open Government Licence v3.0,OGL-UK-3.0
Open Government License 2.0 (Canada),OGL-Canada-2.0
Open Group Test Suite License,OGTSL
OpenLDAP Public License 1.1,OLDAP-1.1
OpenLDAP Public License 1.2,OLDAP-1.2
OpenLDAP Public License 1.3,OLDAP-1.3
OpenLDAP Public License 1.4,OLDAP-1.4
OpenLDAP Public License 2.0.1,OLDAP-2.0.1
OpenLDAP Public License 2.0,OLDAP-2.0
OpenLDAP Public License 2.1,OLDAP-2.1
OpenLDAP Public License 2.2.1,OLDAP-2.2.1
Open LDAP Public License 2.2.2,OLDAP-2.2.2
OpenLDAP Public License 2.2.2,OLDAP-2.2.2
OpenLDAP Public License 2.2,OLDAP-2.2
OpenLDAP Public License 2.3,OLDAP-2.3
OpenLDAP Public License 2.4,OLDAP-2.4
OpenLDAP Public License 2.5,OLDAP-2.5
OpenLDAP Public License 2.6,OLDAP-2.6
OpenLDAP Public License 2.7,OLDAP-2.7
OpenLDAP Public License 2.8,OLDAP-2.8
Open LDAP Public License v1.1,OLDAP-1.1
Open LDAP Public License v1.2,OLDAP-1.2
Open LDAP Public License v1.3,OLDAP-1.3
Open LDAP Public License v1.4,OLDAP-1.4
Open LDAP Public License v2.0.1,OLDAP-2.0.1
Open LDAP Public License v2.0 (or possibly 2.0A and 2.0B),OLDAP-2.0
Open LDAP Public License v2.1,OLDAP-2.1
Open LDAP Public License v2.2.1,OLDAP-2.2.1
Open LDAP Public License v2.2,OLDAP-2.2
Open LDAP Public License v2.3,OLDAP-2.3
Open LDAP Public License v2.4,OLDAP-2.4
Open LDAP Public License v2.5,OLDAP-2.5
Open LDAP Public License v2.6,OLDAP-2.6
Open LDAP Public License v2.7,OLDAP-2.7
Open LDAP Public License v2.8,OLDAP-2.8
Open Market License,OML
Open MPI License,BSD-3-Clause-Open-MPI
Open Public License 1.0,OPL-1.0
Open Public License v1.0,OPL-1.0
Open Software License 1.0,OSL-1.0
Open Software License 1.1,OSL-1.1
Open Software License 2.0,OSL-2.0
Open Software License 2.1,OSL-2.1
Open Software License 3.0,OSL-3.0
"Open Software License, Version 1.0",OSL-1.0
"Open Software License, version 2.1",OSL-2.1
"Open Software License, Version 2.1",OSL-2.1
"Open Software License, Version 3.0",OSL-3.0
OpenSSH License,SSH-OpenSSH
OpenSSL license,OpenSSL
OpenSSL License,OpenSSL
OpenSSL/SSLeay License,OpenSSL
Open Use of Data Agreement v1.0,O-UDA-1.0
Open Watcom 1.0,Watcom-1.0
Oracle BSD-Style with Nuclear Restrictions,BSD-3-Clause-No-Nuclear-License-2014
OSET Public License version 2.1,OSET-PL-2.1
OSL 1.0,OSL-1.0
OSL 1.1,OSL-1.1
OSL 2.0,OSL-2.0
OSL 2.1,OSL-2.1
OSL 3.0,OSL-3.0
PDDL 1.0,PDDL-1.0
PHP License 3.01,PHP-3.01
PHP License 3.0,PHP-3.0
PHP License v3.01,PHP-3.01
PHP License v3.0,PHP-3.0
"PHP License, version 3.01",PHP-3.01
"PHP License, version 3.0",PHP-3.0
Plexus Classworlds License,Plexus
PNG Reference Library version 2,libpng-2.0
Polyform Noncommercial License 1.0.0,PolyForm-Noncommercial-1.0.0
PolyForm Noncommercial License 1.0.0,PolyForm-Noncommercial-1.0.0
Polyform Small Business License 1.0.0,PolyForm-Small-Business-1.0.0
PolyForm Small Business License 1.0.0,PolyForm-Small-Business-1.0.0
PostgreSQL License,PostgreSQL
psfrag License,psfrag
PS Utilities License,psutils
psutils License,psutils
Python License 2.0,Python-2.0
"Python License, Version 2.0",Python-2.0
Python Software Foundation License 2.0,PSF-2.0
Python Software Foundation License 2,Python-2.0
PYTHON SOFTWARE FOUNDATION LICENSE VERSION 2,Python-2.0
Qhull License,Qhull
QPL 1.0,QPL-1.0
Q Public License 1.0,QPL-1.0
Q Public License,QPL-1.0
Q PUBLIC LICENSE version 1.0,QPL-1.0
Rdisc License,Rdisc
RealNetworks Public Source License 1.0,RPSL-1.0
RealNetworks Public Source License v1.0,RPSL-1.0
RealNetworks Public Source License V1.0,RPSL-1.0
"RealNetworks Public Source License, Version 1.0",RPSL-1.0
Reciprocal Public License 1.1,RPL-1.1
Reciprocal Public License 1.5,RPL-1.5
"Reciprocal Public License, Version 1.1",RPL-1.1
"Reciprocal Public License, Version 1.5",RPL-1.5
Red Hat eCos Public License 1.1,RHeCos-1.1
Red Hat eCos Public License v1.1,RHeCos-1.1
Regexp License,Spencer-86
Revised BSD License,BSD-3-Clause
Ricoh Source Code Public License 1.0,RSCPL
Ricoh Source Code Public License,RSCPL
RPL 1.1,RPL-1.1
RPL 1.5,RPL-1.5
RSA-MD5 License,RSA-MD
RSA Message-Digest License ,RSA-MD
RSA Message-Digest License,RSA-MD
Ruby License (1.9.2 and earlier),Ruby
Ruby License (1.9.3 and later),Ruby
Ruby License,Ruby
Saxpath License,Saxpath
Sax Public Domain Notice,SAX-PD
scancode://abstyles,Abstyles
scancode://ace-tao,DOC
scancode://adapt-1.0,APL-1.0
scancode://adobe-glyph,Adobe-Glyph
scancode://adobe-scl,Adobe-2006
scancode://adsl,ADSL
scancode://afl-1.1,AFL-1.1
scancode://afl-1.2,AFL-1.2
scancode://afl-2.0,AFL-2.0
scancode://afl-2.1,AFL-2.1
scancode://afl-3.0,AFL-3.0
scancode://afmparse,Afmparse
scancode://afpl-8.0,Aladdin
scancode://agpl-1.0,AGPL-1.0-only
scancode://agpl-1.0-plus,AGPL-1.0-or-later
scancode://agpl-3.0,AGPL-3.0-only
scancode://agpl-3.0-plus,AGPL-3.0-or-later
scancode://allegro-4,Giftware
scancode://amdplpa,AMDPLPA
scancode://aml,AML
scancode://ampas,AMPAS
scancode://antlr-pd,ANTLR-PD
scancode://apache-1.0,Apache-1.0
scancode://apache-1.1,Apache-1.1
scancode://apache-2.0,Apache-2.0
scancode://apafml,APAFML
scancode://apsl-1.0,APSL-1.0
scancode://apsl-1.1,APSL-1.1
scancode://apsl-1.2,APSL-1.2
scancode://apsl-2.0,APSL-2.0
scancode://artistic-1.0,Artistic-1.0
scancode://artistic-1.0-cl8,Artistic-1.0-cl8
scancode://artistic-2.0,Artistic-2.0
scancode://artistic-clarified,ClArtistic
scancode://artistic-perl-1.0,Artistic-1.0-Perl
scancode://attribution,AAL
scancode://bahyph,Bahyph
scancode://barr-tex,Barr
scancode://beerware,Beerware
scancode://bittorrent-1.0,BitTorrent-1.0
scancode://bittorrent-1.1,BitTorrent-1.1
scancode://blessing,blessing
scancode://blueoak-1.0.0,BlueOak-1.0.0
scancode://boost-1.0,BSL-1.0
scancode://borceux,Borceux
scancode://bsd-1-clause,BSD-1-Clause
scancode://bsd-2-clause-views,BSD-2-Clause-Views
scancode://bsd-3-clause-no-nuclear-warranty,BSD-3-Clause-No-Nuclear-Warranty
scancode://bsd-3-clause-open-mpi,BSD-3-Clause-Open-MPI
scancode://bsd-ack,BSD-3-Clause-Attribution
scancode://bsd-new,BSD-3-Clause
scancode://bsd-original,BSD-4-Clause
scancode://bsd-original-uc,BSD-4-Clause-UC
scancode://bsd-plus-patent,BSD-2-Clause-Patent
scancode://bsd-protection,BSD-Protection
scancode://bsd-simplified,BSD-2-Clause
scancode://bsd-source-code,BSD-Source-Code
scancode://bsd-zero,0BSD
scancode://bzip2-libbzip-2010,bzip2-1.0.6
scancode://cal-1.0,CAL-1.0
scancode://cal-1.0-combined-work-exception,CAL-1.0-Combined-Work-Exception
scancode://caldera,Caldera
scancode://can-ogl-2.0-en,OGL-Canada-2.0
scancode://ca-tosl-1.1,CATOSL-1.1
scancode://cc0-1.0,CC0-1.0
scancode://cc-by-1.0,CC-BY-1.0
scancode://cc-by-2.0,CC-BY-2.0
scancode://cc-by-2.5,CC-BY-2.5
scancode://cc-by-3.0-at,CC-BY-3.0-AT
scancode://cc-by-3.0,CC-BY-3.0
scancode://cc-by-4.0,CC-BY-4.0
scancode://cc-by-nc-1.0,CC-BY-NC-1.0
scancode://cc-by-nc-2.0,CC-BY-NC-2.0
scancode://cc-by-nc-2.5,CC-BY-NC-2.5
scancode://cc-by-nc-3.0,CC-BY-NC-3.0
scancode://cc-by-nc-4.0,CC-BY-NC-4.0
scancode://cc-by-nc-nd-1.0,CC-BY-NC-ND-1.0
scancode://cc-by-nc-nd-2.0,CC-BY-NC-ND-2.0
scancode://cc-by-nc-nd-2.5,CC-BY-NC-ND-2.5
scancode://cc-by-nc-nd-3.0,CC-BY-NC-ND-3.0
scancode://cc-by-nc-nd-3.0-igo,CC-BY-NC-ND-3.0-IGO
scancode://cc-by-nc-nd-4.0,CC-BY-NC-ND-4.0
scancode://cc-by-nc-sa-1.0,CC-BY-NC-SA-1.0
scancode://cc-by-nc-sa-2.0,CC-BY-NC-SA-2.0
scancode://cc-by-nc-sa-2.5,CC-BY-NC-SA-2.5
scancode://cc-by-nc-sa-3.0,CC-BY-NC-SA-3.0
scancode://cc-by-nc-sa-4.0,CC-BY-NC-SA-4.0
scancode://cc-by-nd-1.0,CC-BY-ND-1.0
scancode://cc-by-nd-2.0,CC-BY-ND-2.0
scancode://cc-by-nd-2.5,CC-BY-ND-2.5
scancode://cc-by-nd-3.0,CC-BY-ND-3.0
scancode://cc-by-nd-4.0,CC-BY-ND-4.0
scancode://cc-by-sa-1.0,CC-BY-SA-1.0
scancode://cc-by-sa-2.0,CC-BY-SA-2.0
scancode://cc-by-sa-2.5,CC-BY-SA-2.5
scancode://cc-by-sa-3.0-at,CC-BY-SA-3.0-AT
scancode://cc-by-sa-3.0,CC-BY-SA-3.0
scancode://cc-by-sa-4.0,CC-BY-SA-4.0
scancode://cc-pd,CC-PDDC
scancode://cddl-1.0,CDDL-1.0
scancode://cddl-1.1,CDDL-1.1
scancode://cdla-permissive-1.0,CDLA-Permissive-1.0
scancode://cdla-sharing-1.0,CDLA-Sharing-1.0
scancode://cecill-1.0,CECILL-1.0
scancode://cecill-1.1,CECILL-1.1
scancode://cecill-2.0,CECILL-2.0
scancode://cecill-2.1,CECILL-2.1
scancode://cecill-b,CECILL-B
scancode://cecill-c,CECILL-C
scancode://cern-ohl-1.1,CERN-OHL-1.1
scancode://cern-ohl-1.2,CERN-OHL-1.2
scancode://cern-ohl-p-2.0,CERN-OHL-P-2.0
scancode://cern-ohl-s-2.0,CERN-OHL-S-2.0
scancode://cern-ohl-w-2.0,CERN-OHL-W-2.0
scancode://clear-bsd,BSD-3-Clause-Clear
scancode://cmu-template,MIT-CMU
scancode://cmu-uc,MIT-CMU
scancode://cnri-jython,CNRI-Jython
scancode://cnri-python-1.6.1,CNRI-Python-GPL-Compatible
scancode://cnri-python-1.6,CNRI-Python
scancode://condor-1.1,Condor-1.1
scancode://copyleft-next-0.3.0,copyleft-next-0.3.0
scancode://copyleft-next-0.3.1,copyleft-next-0.3.1
scancode://cpal-1.0,CPAL-1.0
scancode://cpl-1.0,CPL-1.0
scancode://cpol-1.02,CPOL-1.02
scancode://crossword,Crossword
scancode://crystal-stacker,CrystalStacker
scancode://cua-opl-1.0,CUA-OPL-1.0
scancode://cube,Cube
scancode://curl,curl
scancode://d-fsl-1.0-de,D-FSL-1.0
scancode://diffmark,diffmark
scancode://dom4j,Plexus
scancode://dotseqn,Dotseqn
scancode://dsdp,DSDP
scancode://dvipdfm,dvipdfm
scancode://ecl-1.0,ECL-1.0
scancode://ecl-2.0,ECL-2.0
scancode://ecosrh-1.1,RHeCos-1.1
scancode://efl-1.0,EFL-1.0
scancode://efl-2.0,EFL-2.0
scancode://egenix-1.1.0,eGenix
scancode://enlightenment,MIT-advertising
scancode://enna,MIT-enna
scancode://entessa-1.0,Entessa
scancode://epics,EPICS
scancode://epl-1.0,EPL-1.0
scancode://epl-2.0,EPL-2.0
scancode://erlangpl-1.1,ErlPL-1.1
scancode://etalab-2.0,etalab-2.0
scancode://eu-datagrid,EUDatagrid
scancode://eupl-1.0,EUPL-1.0
scancode://eupl-1.1,EUPL-1.1
scancode://eupl-1.2,EUPL-1.2
scancode://eurosym,Eurosym
scancode://fair,Fair
scancode://fastcgi-devkit,OML
scancode://frameworx-1.0,Frameworx-1.0
scancode://freeimage-1.0,FreeImage
scancode://freetype,FTL
scancode://fsf-ap,FSFAP
scancode://fsf-free,FSFUL
scancode://fsf-unlimited,FSFULLR
scancode://gfdl-1.1,GFDL-1.1-only
scancode://gfdl-1.1-plus,GFDL-1.1-or-later
scancode://gfdl-1.2,GFDL-1.2-only
scancode://gfdl-1.2-plus,GFDL-1.2-or-later
scancode://gfdl-1.3,GFDL-1.3-only
scancode://gfdl-1.3-plus,GFDL-1.3-or-later
scancode://gl2ps,GL2PS
scancode://glide,Glide
scancode://glulxe,Glulxe
scancode://glwtpl,GLWTPL
scancode://gnuplot,gnuplot
scancode://gpl-1.0,GPL-1.0-only
scancode://gpl-1.0-plus,GPL-1.0-or-later
scancode://gpl-2.0,GPL-2.0-only
scancode://gpl-2.0-plus,GPL-2.0-or-later
scancode://gsoap-1.3b,gSOAP-1.3b
scancode://haskell-report,HaskellReport
scancode://henry-spencer-1999,Spencer-99
scancode://hippocratic-2.1,Hippocratic-2.1
scancode://historical,HPND
scancode://historical-sell-variant,HPND-sell-variant
scancode://hs-regexp,Spencer-94
scancode://ibm-pibs,IBM-pibs
scancode://ibmpl-1.0,IPL-1.0
scancode://ijg,IJG
scancode://imagemagick,ImageMagick
scancode://imlib2,Imlib2
scancode://indiana-extreme-1.2,xpp
scancode://info-zip,Info-ZIP
scancode://intel-acpi,Intel-ACPI
scancode://intel-bsd-export-control,Intel
scancode://interbase-1.0,Interbase-1.0
scancode://ipa-font,IPA
scancode://isc,ISC
scancode://jasper-2.0,JasPer-2.0
scancode://jpnic-idnkit,JPNIC
scancode://json,JSON
scancode://latex2e,Latex2e
scancode://lbnl-bsd,BSD-3-Clause-LBNL
scancode://leptonica,Leptonica
scancode://lgpl-2.0,LGPL-2.0-only
scancode://lgpl-2.0-plus,LGPL-2.0-or-later
scancode://lgpl-2.1,LGPL-2.1-only
scancode://lgpl-2.1-plus,LGPL-2.1-or-later
scancode://lgpllr,LGPLLR
scancode://libpng,Libpng
scancode://libpng-v2,libpng-2.0
scancode://linux-openib,Linux-OpenIB
scancode://lppl-1.0,LPPL-1.0
scancode://lppl-1.1,LPPL-1.1
scancode://lppl-1.2,LPPL-1.2
scancode://lppl-1.3a,LPPL-1.3a
scancode://lppl-1.3c,LPPL-1.3c
scancode://lucent-pl-1.02,LPL-1.02
scancode://lucent-pl-1.0,LPL-1.0
scancode://makeindex,MakeIndex
scancode://mir-os,MirOS
scancode://mit-0,MIT-0
scancode://mit-ack,MIT-feh
scancode://mit-export-control,Xerox
scancode://mit,MIT
scancode://mit-no-false-attribs,MITNFA
scancode://mit-old-style-no-advert,NTP
scancode://mongodb-sspl-1.0,SSPL-1.0
scancode://motosoto-0.9.1,Motosoto
scancode://mpich,mpich2
scancode://mpl-1.0,MPL-1.0
scancode://mpl-1.1,MPL-1.1
scancode://mpl-2.0,MPL-2.0
scancode://mpl-2.0-no-copyleft-exception,MPL-2.0-no-copyleft-exception
scancode://ms-pl,MS-PL
scancode://ms-rl,MS-RL
scancode://mtll,MTLL
scancode://mulanpsl-1.0,MulanPSL-1.0
scancode://mulanpsl-2.0,MulanPSL-2.0
scancode://multics,Multics
scancode://mup,Mup
scancode://nasa-1.3,NASA-1.3
scancode://naumen,Naumen
scancode://nbpl-1.0,NBPL-1.0
scancode://ncgl-uk-2.0,NCGL-UK-2.0
scancode://netcdf,NetCDF
scancode://net-snmp,Net-SNMP
scancode://newsletr,Newsletr
scancode://ngpl,NGPL
scancode://nist-pd-fallback,NIST-PD-fallback
scancode://nist-pd,NIST-PD
scancode://nlod-1.0,NLOD-1.0
scancode://nlpl,NLPL
scancode://nokos-1.0a,Nokia
scancode://nosl-1.0,NOSL
scancode://nosl-3.0,NPOSL-3.0
scancode://noweb,Noweb
scancode://npl-1.0,NPL-1.0
scancode://npl-1.1,NPL-1.1
scancode://nrl,NRL
scancode://ntp-0,NTP-0
scancode://ntpl,NTP
scancode://occt-pl,OCCT-PL
scancode://oclc-2.0,OCLC-2.0
scancode://odbl-1.0,ODbL-1.0
scancode://odc-by-1.0,ODC-By-1.0
scancode://ofl-1.0,OFL-1.0
scancode://ofl-1.1,OFL-1.1
scancode://ogc-1.0,OGC-1.0
scancode://ogl-uk-1.0,OGL-UK-1.0
scancode://ogl-uk-2.0,OGL-UK-2.0
scancode://ogl-uk-3.0,OGL-UK-3.0
scancode://opengroup,OGTSL
scancode://openldap-1.1,OLDAP-1.1
scancode://openldap-1.2,OLDAP-1.2
scancode://openldap-1.3,OLDAP-1.3
scancode://openldap-1.4,OLDAP-1.4
scancode://openldap-2.0.1,OLDAP-2.0.1
scancode://openldap-2.0,OLDAP-2.0
scancode://openldap-2.1,OLDAP-2.1
scancode://openldap-2.2.1,OLDAP-2.2.1
scancode://openldap-2.2.2,OLDAP-2.2.2
scancode://openldap-2.2,OLDAP-2.2
scancode://openldap-2.3,OLDAP-2.3
scancode://openldap-2.4,OLDAP-2.4
scancode://openldap-2.5,OLDAP-2.5
scancode://openldap-2.6,OLDAP-2.6
scancode://openldap-2.7,OLDAP-2.7
scancode://openldap-2.8,OLDAP-2.8
scancode://open-public,OPL-1.0
scancode://openssh,SSH-OpenSSH
scancode://openssl,OpenSSL
scancode://openssl-ssleay,OpenSSL
scancode://oracle-bsd-no-nuclear,BSD-3-Clause-No-Nuclear-License-2014
scancode://oset-pl-2.1,OSET-PL-2.1
scancode://osl-1.0,OSL-1.0
scancode://osl-1.1,OSL-1.1
scancode://osl-2.0,OSL-2.0
scancode://osl-2.1,OSL-2.1
scancode://osl-3.0,OSL-3.0
scancode://o-uda-1.0,O-UDA-1.0
scancode://parity-6.0.0,Parity-6.0.0
scancode://parity-7.0.0,Parity-7.0.0
scancode://pddl-1.0,PDDL-1.0
scancode://php-3.01,PHP-3.01
scancode://php-3.0,PHP-3.0
scancode://polyform-noncommercial-1.0.0,PolyForm-Noncommercial-1.0.0
scancode://polyform-small-business-1.0.0,PolyForm-Small-Business-1.0.0
scancode://postgresql,PostgreSQL
scancode://psf-2.0,PSF-2.0
scancode://psfrag,psfrag
scancode://psutils,psutils
scancode://python,Python-2.0
scancode://qhull,Qhull
scancode://qpl-1.0,QPL-1.0
scancode://rdisc,Rdisc
scancode://regexp,Spencer-86
scancode://ricoh-1.0,RSCPL
scancode://rpl-1.1,RPL-1.1
scancode://rpl-1.5,RPL-1.5
scancode://rpsl-1.0,RPSL-1.0
scancode://rsa-md5,RSA-MD
scancode://ruby,Ruby
scancode://saxpath,Saxpath
scancode://sax-pd,SAX-PD
scancode://scea-1.0,SCEA
scancode://selinux-nsa-declaration-1.0,libselinux-1.0
scancode://sendmail-8.23,Sendmail-8.23
scancode://sendmail,Sendmail
scancode://sfl-license,iMatix
scancode://sgi-freeb-1.1,SGI-B-1.1
scancode://sgi-freeb-2.0,SGI-B-2.0
scancode://sgi-fslb-1.0,SGI-B-1.0
scancode://shl-0.51,SHL-0.51
scancode://shl-0.5,SHL-0.5
scancode://simpl-2.0,SimPL-2.0
scancode://sleepycat,Sleepycat
scancode://smppl,SMPPL
scancode://snia,SNIA
Scancode,SPDX-ID,DEPRECATE
scancode://spl-1.0,SPL-1.0
scancode://standard-ml-nj,SMLNJ
scancode://sugarcrm-1.1.3,SugarCRM-1.1.3
scancode://sun-bsd-no-nuclear,BSD-3-Clause-No-Nuclear-License
scancode://sun-sissl-1.1,SISSL
scancode://sun-sissl-1.2,SISSL-1.2
scancode://swl,SWL
scancode://sybase,Watcom-1.0
scancode://tapr-ohl-1.0,TAPR-OHL-1.0
scancode://tatu-ylonen,SSH-short
scancode://tcl,TCL
scancode://tcp-wrappers,TCP-wrappers
scancode://tmate,TMate
scancode://torque-1.1,TORQUE-1.1
scancode://tosl,TOSL
scancode://tu-berlin-2.0,TU-Berlin-2.0
scancode://tu-berlin,TU-Berlin-1.0
scancode://ucl-1.0,UCL-1.0
scancode://unicode-dfs-2015,Unicode-DFS-2015
scancode://unicode-dfs-2016,Unicode-DFS-2016
scancode://unicode-tou,Unicode-TOU
scancode://unlicense,Unlicense
scancode://uoi-ncsa,NCSA
scancode://upl-1.0,UPL-1.0
scancode://vim,Vim
scancode://vostrom,VOSTROM
scancode://vsl-1.0,VSL-1.0
scancode://w3c-software-19980720,W3C-19980720
scancode://w3c-software-doc-20150513,W3C-20150513
scancode://w3c,W3C
scancode://wsuipa,Wsuipa
scancode://wtfpl-2.0,WTFPL
scancode://x11-keith-packard,HPND-sell-variant
scancode://x11-tiff,libtiff
scancode://xfree86-1.1,XFree86-1.1
scancode://xinetd,xinetd
scancode://xnet,Xnet
scancode://xskat,XSkat
scancode://ypl-1.0,YPL-1.0
scancode://ypl-1.1,YPL-1.1
scancode://zed,Zed
scancode://zend-2.0,Zend-2.0
scancode://zimbra-1.3,Zimbra-1.3
scancode://zimbra-1.4,Zimbra-1.4
scancode://zlib-acknowledgement,zlib-acknowledgement
scancode://zlib,Zlib
scancode://zpl-1.1,ZPL-1.1
scancode://zpl-2.0,ZPL-2.0
scancode://zpl-2.1,ZPL-2.1
SCEA Shared Source License 1.0,SCEA
SCEA Shared Source License,SCEA
Scheme Widget Library (SWL) Software License Agreement,SWL
Scheme Widget Library (SWL) Software License,SWL
Secure Messaging Protocol Public License,SMPPL
selinux-nsa-declaration-1.0,libselinux-1.0
Sendmail License 8.23,Sendmail-8.23
Sendmail License,Sendmail
SENDMAIL LICENSE (version 1998),Sendmail
SENDMAIL LICENSE (version 2004),Sendmail
SENDMAIL LICENSE (version 2012),Sendmail
"Server Side Public License, v 1",SSPL-1.0
SFL License Agreement,iMatix
SGI Free Software License B 1.0,SGI-B-1.0
SGI Free Software License B 1.1,SGI-B-1.1
SGI Free Software License B 2.0,SGI-B-2.0
SGI Free Software License B v1.0,SGI-B-1.0
SGI Free Software License B v1.1,SGI-B-1.1
SGI Free Software License B v2.0,SGI-B-2.0
SGI FREE SOFTWARE LICENSE B (Version 1.1 [02/22/2000]),SGI-B-1.1
"SGI FREE SOFTWARE LICENSE B (Version 2.0, Sept. 18, 2008)",SGI-B-2.0
SIL Open Font License 1.0,OFL-1.0
SIL Open Font License 1.0 with no Reserved Font Name,OFL-1.0-no-RFN
SIL Open Font License 1.0 with Reserved Font Name,OFL-1.0-RFN
SIL Open Font License 1.1,OFL-1.1
SIL Open Font License 1.1 with no Reserved Font Name,OFL-1.1-no-RFN
SIL Open Font License 1.1 with Reserved Font Name,OFL-1.1-RFN
SIL OPEN FONT LICENSE Version 1.0 - 22 November 2005,OFL-1.0
SIL OPEN FONT LICENSE Version 1.1 - 26 February 2007,OFL-1.1
"SIL Open Font License, Version 1.1",OFL-1.1
SimPL 2.0,SimPL-2.0
Simple-2.0,SimPL-2.0
Simple Public License 2.0,SimPL-2.0
Simple Public License (SimPL-2.0),SimPL-2.0
Simplified BSD License,BSD-2-Clause,
Sleepycat License,Sleepycat
Sleepycat Software Product License,Sleepycat
SNIA Public License 1.1,SNIA
Solderpad Hardware License v0.5,SHL-0.5
SolderPad Hardware License v0.5,SHL-0.5
"Solderpad Hardware License, Version 0.51",SHL-0.51
"SolderPad Hardware License, Version 0.51",SHL-0.51
Spencer License 86,Spencer-86
Spencer License 94,Spencer-94
Spencer License 99,Spencer-99
SPL 1.0,SPL-1.0
SQLite Blessing,blessing
SSH OpenSSH license,SSH-OpenSSH
SSH short notice,SSH-short
Standard ML of New Jersey License,SMLNJ
Standard ML of New Jersey,SMLNJ
SugarCRM Public License 1.1.3,SugarCRM-1.1.3
SugarCRM Public License v1.1.3,SugarCRM-1.1.3
Sun BSD-Style with Nuclear Restrictions,BSD-3-Clause-No-Nuclear-License
Sun Industry Standards Source License 1.1,SISSL
Sun Industry Standards Source License 1.2,SISSL-1.2
Sun Industry Standards Source License,SISSL
Sun Industry Standards Source License v1.1,SISSL
Sun Industry Standards Source License v1.2,SISSL-1.2
Sun Industry Standards Source License Version 1.1,SISSL
Sun Industry Standards Source License - Version 1.2,SISSL-1.2
sun-issl,SISSL
Sun Public License 1.0,SPL-1.0
Sun Public License v1.0,SPL-1.0
SUN PUBLIC LICENSE Version 1.0,SPL-1.0
"Sun Public License, Version 1.0",SPL-1.0
Sybase Open Watcom Public License 1.0,Watcom-1.0
TAPR Open Hardware License v1.0,TAPR-OHL-1.0
Tatu Ylonen License,SSH-short
TCL/TK License,TCL
TCP Wrappers License,TCP-wrappers
Technische Universitaet Berlin License 1.0,TU-Berlin-1.0
Technische Universitaet Berlin License 2.0,TU-Berlin-2.0
"The Apache Software License, Version 2.0",Apache-2.0
"The Apache Software License, Version 2.0",Apache-2.0,
The Artistic License 2.0,Artistic-2.0
The bzip2 license,bzip2-1.0.6
"The Eiffel Forum License, Version 1",EFL-1.0
The Intel Open Source License,Intel
The MirOS Licence,MirOS
The MirOS Licence (MirOS),MirOS
The MIT License,MIT,
The MIT License(MIT),MIT
The MIT License(MIT),MIT,
The Nethack General Public License,NGPL
The New BSD License,BSD-3-Clause
The New BSD License,BSD-3-Clause,
"The Non-Profit Open Software License, Version 3.0",NPOSL-3.0
"The OCLC Research Public License, Version 2.0",OCLC-2.0
The Open Group Test Suite License (OGTSL),OGTSL
The OpenLDAP Public License,OLDAP-2.7
The Parity Public License 6.0.0,Parity-6.0.0
The Parity Public License 7.0.0,Parity-7.0.0
"The PHP License, Version 3.0",PHP-3.0
The PostgreSQL Licence,PostgreSQL
The Q Public License Version (QPL-1.0),QPL-1.0
The Ricoh Source Code Public License,RSCPL
The Sleepycat License,Sleepycat
The Sybase Open Source Licence,Watcom-1.0
"The Universal Permissive License (UPL), Version 1.0",UPL-1.0
The University of Illinois/NCSA Open Source License,NCSA
The Unlicense,Unlicense
"The Vovida Software License, Version 1.0",VSL-1.0
The W3C Software Notice and License,W3C
"The X.Net, Inc. License",Xnet
"The Zope Public License, Version 2.0",ZPL-2.0
"TMate Open Source License for ""TMate JavaSVN library""",TMate
TMate Open Source License,TMate
TORQUE 1.1,TORQUE-1.1
TORQUE v2.5+ Software License v1.1,TORQUE-1.1
TOSL 1.0a,TOSL
Trusster Open Source License,TOSL
TU Berlin License 1.0,TU-Berlin-1.0
TU Berlin License 2.0,TU-Berlin-2.0
UIUC/NCSA,NCSA
Unicode DFS 2015,Unicode-DFS-2015
Unicode DFS 2016,Unicode-DFS-2016
"UNICODE, INC. LICENSE AGREEMENT - DATA FILES AND SOFTWARE (since 2016)",Unicode-DFS-2015
"UNICODE, INC. LICENSE AGREEMENT - DATA FILES AND SOFTWARE",Unicode-DFS-2016
Unicode License Agreement - Data Files and Software (2015),Unicode-DFS-2015
Unicode License Agreement - Data Files and Software (2016),Unicode-DFS-2016
Unicode Terms of Use,Unicode-TOU
Universal Permissive License v1.0,UPL-1.0
University of Illinois/NCSA Open Source License,NCSA
Unlicense 1,Unlicense
uoi-ncsa,NCSA
UPL 1.0,UPL-1.0
UPL,UPL-1.0
Upstream Compatibility License v1.0,UCL-1.0
Vim License,Vim
VIM License,Vim
VOSTROM Public License for Open Source,VOSTROM
VOSTROM Public License,VOSTROM
Vovida Software License 1.0,VSL-1.0
Vovida Software License v1.0,VSL-1.0
"Vovida Software License, Version 1.0",VSL-1.0
W3C License,W3C
W3C-SOFTWARE-19980720,W3C-19980720
"W3C SOFTWARE AND DOCUMENT NOTICE AND LICENSE (become active on May 13, 2015)",W3C-20150513
W3C-SOFTWARE-DOC-20150513,W3C-20150513
W3C Software Notice and Document License (2015-05-13),W3C-20150513
W3C Software Notice and License (1998-07-20),W3C-19980720
W3C Software Notice and License 20021231,W3C
W3C Software Notice and License (2002-12-31),W3C
W3C SOFTWARE NOTICE AND LICENSE (became active on August 14 1998),W3C-19980720
W3C Software Notice and License (became active on December 31 2002),W3C
W3C Software Notice and License,W3C
Wsuipa License,Wsuipa
WTFPL 2.0,WTFPL
X11,ICU
X11-Style (Keith Packard),HPND-sell-variant
X11-Style (Tiff),libtiff
Xerox License,Xerox
XFree86 1.1 License,XFree86-1.1
XFree86 License 1.1,XFree86-1.1
xinetd License,xinetd
X.Net License,Xnet
XPP License,xpp
XSkat License,XSkat
Yahoo! Public License v1.0,YPL-1.0
Yahoo! Public License v1.1,YPL-1.1
YPL 1.0,YPL-1.0
YPL 1.1,YPL-1.1
Zed License,Zed
 Zend-2.0,Zend-2.0
Zend Engine License 2.0,Zend-2.0
"Zend Engine License, Version 2.00",Zend-2.0
Zend License v2.0,Zend-2.0
Zimbra PL 1.3,Zimbra-1.3
Zimbra PL 1.4,Zimbra-1.4
Zimbra Public License v1.3,Zimbra-1.3
Zimbra Public License v1.4,Zimbra-1.4
zlib/libpng License with Acknowledgement,zlib-acknowledgement
zlib/libpng license,Zlib
zlib/libpng License,Zlib
zlib/libpng,Zlib
ZLIB License with Acknowledgment,zlib-acknowledgement
zlib-license,Zlib
zlib License,Zlib
ZLIB License,Zlib
Zope-2.0,ZPL-2.0
Zope Public License 1.1,ZPL-1.1
Zope Public License 2.0,ZPL-2.0
Zope Public License 2.1,ZPL-2.1
Zope Public License (ZPL) Version 2.0,ZPL-2.0
Zope Public License (ZPL) Version 2.1,ZPL-2.1
ZPL 1.1,ZPL-1.1
ZPL 2.0,ZPL-2.0
ZPL 2.1,ZPL-2.1
